id,href
f_1,https://www.flipkart.com/meemee-soft-cleansing-baby-wet-lid-aloe-vera-pack-3/p/itm0a20dbc4f2364?pid=WIPFJYYWEBTJEWJH&lid=LSTWIPFJYYWEBTJEWJHLFMWHN&marketplace=FLIPKART&store=kyh%2Ffdp%2Fkvq&spotlightTagId=BestsellerId_kyh%2Ffdp%2Fkvq&srno=b_1_1&otracker=browse&iid=99cf1b8e-ee97-4fa1-a43c-3e4eb41fb723.WIPFJYYWEBTJEWJH.SEARCH&ssid=nfplb2n1rk0000001724599309356
f_2,https://www.flipkart.com/little-s-soft-cleansing-baby-wipes-aloe-vera-jojoba-oil-vitamin-e/p/itm23cdfde0cd531?pid=WIPFR9MUGSUXFRFF&lid=LSTWIPFR9MUGSUXFRFFHZH0LQ&marketplace=FLIPKART&store=kyh%2Ffdp%2Fkvq&srno=b_1_2&otracker=browse&iid=99cf1b8e-ee97-4fa1-a43c-3e4eb41fb723.WIPFR9MUGSUXFRFF.SEARCH&ssid=nfplb2n1rk0000001724599309356
f_3,https://www.flipkart.com/little-s-soft-cleansing-baby-wipes-aloe-vera-jojoba-oil-vitamin-e-lid-pack/p/itm39c3f159ff6ff?pid=WIPFZV68P2DSTDTU&lid=LSTWIPFZV68P2DSTDTUWTW5WX&marketplace=FLIPKART&store=kyh%2Ffdp%2Fkvq&srno=b_1_3&otracker=browse&iid=99cf1b8e-ee97-4fa1-a43c-3e4eb41fb723.WIPFZV68P2DSTDTU.SEARCH&ssid=nfplb2n1rk0000001724599309356
f_4,https://www.flipkart.com/himalaya-gentle-baby-wipes-mega-offer-pack-4-n-x-72-s/p/itmb24a6288825a0?pid=WIPFQXB8YZHJW2ZH&lid=LSTWIPFQXB8YZHJW2ZHCIBUMV&marketplace=FLIPKART&store=kyh%2Ffdp%2Fkvq&spotlightTagId=BestsellerId_kyh%2Ffdp%2Fkvq&srno=b_1_4&otracker=browse&iid=99cf1b8e-ee97-4fa1-a43c-3e4eb41fb723.WIPFQXB8YZHJW2ZH.SEARCH&ssid=nfplb2n1rk0000001724599309356
f_5,https://www.flipkart.com/skinic-herbal-refreshing-wipes-lemon-aloevera-rose-alcohol-free-chemical-free-25-pulls/p/itm93f1f41a26443?pid=WIPH3CHZHVGD6KJZ&lid=LSTWIPH3CHZHVGD6KJZA9QG3V&marketplace=FLIPKART&store=kyh%2Ffdp%2Fkvq&srno=b_1_5&otracker=browse&iid=99cf1b8e-ee97-4fa1-a43c-3e4eb41fb723.WIPH3CHZHVGD6KJZ.SEARCH&ssid=nfplb2n1rk0000001724599309356
f_6,https://www.flipkart.com/himalaya-gentle-baby-wipes/p/itmezhg7vkb5zgvy?pid=WIPEMJVPDQ78BKFS&lid=LSTWIPEMJVPDQ78BKFS6JNQSF&marketplace=FLIPKART&store=kyh%2Ffdp%2Fkvq&srno=b_1_6&otracker=browse&iid=99cf1b8e-ee97-4fa1-a43c-3e4eb41fb723.WIPEMJVPDQ78BKFS.SEARCH&ssid=nfplb2n1rk0000001724599309356
f_7,https://www.flipkart.com/johnson-s-skincare-wipes-cleans-protects-soft-smooth-healthy-skin/p/itmcf721474f495d?pid=WIPGFZ9DKQMH26NH&lid=LSTWIPGFZ9DKQMH26NHETXBYB&marketplace=FLIPKART&store=kyh%2Ffdp%2Fkvq&srno=b_1_7&otracker=browse&iid=99cf1b8e-ee97-4fa1-a43c-3e4eb41fb723.WIPGFZ9DKQMH26NH.SEARCH&ssid=nfplb2n1rk0000001724599309356
f_8,https://www.flipkart.com/softsens-baby-wipes-aloe-vera-moisturising-lotion/p/itme3e4407e064b9?pid=WIPG93HXFMGZXCEM&lid=LSTWIPG93HXFMGZXCEMLLZOPT&marketplace=FLIPKART&store=kyh%2Ffdp%2Fkvq&spotlightTagId=TrendingId_kyh%2Ffdp%2Fkvq&srno=b_1_8&otracker=browse&iid=99cf1b8e-ee97-4fa1-a43c-3e4eb41fb723.WIPG93HXFMGZXCEM.SEARCH&ssid=nfplb2n1rk0000001724599309356
f_9,https://www.flipkart.com/novel-baby-wipes-80-sheets-pack-3-with-lid/p/itm71389ac555f7e?pid=WIPFN6Z8VWD8YH2H&lid=LSTWIPFN6Z8VWD8YH2HFMRJUU&marketplace=FLIPKART&store=kyh%2Ffdp%2Fkvq&spotlightTagId=BestsellerId_kyh%2Ffdp%2Fkvq&srno=b_1_9&otracker=browse&iid=99cf1b8e-ee97-4fa1-a43c-3e4eb41fb723.WIPFN6Z8VWD8YH2H.SEARCH&ssid=nfplb2n1rk0000001724599309356
f_10,https://www.flipkart.com/little-s-soft-cleansing-baby-wipes-aloe-vera-jojoba-oil-vitamin-e/p/itmb82cb0d58078b?pid=WIPF3F663EHYAJQC&lid=LSTWIPF3F663EHYAJQCANNO6K&marketplace=FLIPKART&store=kyh%2Ffdp%2Fkvq&srno=b_1_10&otracker=browse&iid=99cf1b8e-ee97-4fa1-a43c-3e4eb41fb723.WIPF3F663EHYAJQC.SEARCH&ssid=nfplb2n1rk0000001724599309356
